Player,Pos,Tm,Age,VORP,WS,OWS,BPM,PER,PTS,FT,FTA,OBPM,FG,USG%,Seed,MP,GS,Rank,Share,week
Nikola Jokić,C,DEN,26,9.8,15.2,10.8,13.7,32.8,27.1,5.1,6.3,9.2,10.3,31.9,6,33.5,74,1,0.6255120805194806,1
Giannis Antetokounmpo,PF,MIL,27,7.4,12.9,9.2,11.2,32.1,29.9,8.3,11.4,7.6,10.3,34.9,2,32.9,67,2,0.5930430043650793,1
Joel Embiid,C,PHI,27,6.5,12.0,7.9,9.2,31.2,30.6,9.6,11.8,7.2,9.8,37.2,2,33.8,68,3,0.47172141468253964,1
Luka Dončić,PG,DAL,22,5.9,7.6,3.8,8.2,25.1,28.4,5.6,7.5,6.4,9.9,37.4,4,35.4,65,4,0.21763867103174603,1
Jayson Tatum,SF,BOS,23,4.8,9.6,5.0,4.9,21.8,26.9,5.3,6.2,4.3,9.3,32.1,2,35.9,76,5,0.11179998293650797,1
Jimmy Butler,SF,MIA,32,4.0,9.2,6.2,6.3,23.6,21.4,6.9,8.0,4.5,7.0,26.5,1,33.9,57,6,0.1104951765873016,1
LeBron James,PF,LAL,37,5.1,7.5,5.2,7.7,26.2,30.3,4.5,6.0,6.9,11.4,32.3,11,37.2,56,7,0.10749304166666666,1
Devin Booker,SG,PHO,25,3.6,7.6,4.3,4.1,21.3,26.8,4.6,5.3,3.9,9.7,32.0,1,34.5,68,8,0.0784066753968254,1
Ja Morant,PG,MEM,22,3.9,6.7,4.6,6.1,24.4,27.4,5.5,7.3,6.2,10.2,33.7,2,33.1,57,9,0.0660404119047619,1
Kevin Durant,PF,BRK,33,4.8,8.4,6.4,7.2,25.6,29.9,6.8,7.4,6.4,10.5,31.2,7,37.2,55,10,0.061908186904761894,1
Trae Young,PG,ATL,23,4.8,10.0,9.0,5.2,25.4,28.4,6.6,7.3,7.1,9.4,34.4,9,34.9,76,11,0.05352026111111111,1
Deandre Ayton,C,PHO,23,2.1,7.3,4.1,2.8,21.9,17.2,1.8,2.4,2.2,7.6,21.4,1,29.5,58,12,0.04446183015873016,1
JaVale McGee,C,PHO,34,0.8,4.9,2.4,0.8,22.6,9.2,1.4,2.0,-0.1,3.9,22.8,1,15.8,17,13,0.04266464801587302,1
Robert Williams,C,BOS,24,3.4,9.9,6.0,5.5,22.1,10.0,1.1,1.5,2.4,4.4,11.5,2,29.6,61,14,0.024799773809523803,1
DeMar DeRozan,PF,CHI,32,3.1,8.8,7.0,2.5,23.1,27.9,6.8,7.8,3.4,10.2,31.8,6,36.1,76,15,0.01724896706349206,1
Stephen Curry,PG,GSW,33,4.4,8.0,4.6,5.8,21.4,25.5,4.3,4.7,5.4,8.4,30.8,3,34.5,64,16,0.01690852142857142,1
Rudy Gobert,C,UTA,29,3.6,11.7,7.3,4.6,24.7,15.6,4.6,6.7,2.9,5.5,16.9,5,32.1,66,17,0.01622157341269841,1
Bam Adebayo,C,MIA,24,2.7,7.2,3.6,3.8,21.8,19.1,4.6,6.1,1.7,7.3,25.0,1,32.6,56,18,0.010124943253968254,1
Brandon Clarke,PF,MEM,25,2.0,6.3,4.4,4.2,23.7,10.4,1.3,2.0,3.1,4.5,17.7,2,19.5,1,19,0.007183833333333334,1
Karl-Anthony Towns,C,MIN,26,4.4,10.3,7.1,5.0,24.1,24.6,5.2,6.3,4.5,8.7,27.8,7,33.5,74,20,0.006536710714285713,1
Kyrie Irving,PG,BRK,29,1.4,3.3,2.4,3.0,21.4,27.4,4.1,4.4,4.2,10.0,29.4,7,37.6,29,21,0.0065337166666666665,1
James Harden,PG,PHI,32,3.7,7.6,4.9,4.0,20.9,22.0,7.2,8.2,3.7,6.3,27.2,2,37.2,65,22,0.00637045515873016,1
Anthony Davis,C,LAL,28,2.0,4.5,2.6,3.8,23.9,23.2,4.4,6.1,2.6,9.3,27.1,11,35.1,40,23,0.005498501984126984,1
Donovan Mitchell,SG,UTA,25,3.6,7.2,4.7,4.3,21.6,25.9,4.0,4.7,4.6,9.2,32.9,5,33.8,67,24,0.005203022222222221,1
Dejounte Murray,PG,SAS,25,4.4,7.3,3.9,5.4,22.3,21.1,2.9,3.6,3.7,8.4,27.3,10,34.8,68,25,0.004850208333333333,1
Chris Paul,PG,PHO,36,4.0,9.4,5.8,5.4,20.8,14.7,2.6,3.1,3.1,5.6,19.7,1,32.9,65,26,0.004158461904761906,1
Jaylen Brown,SF,BOS,25,2.2,5.8,2.3,2.1,18.9,23.6,3.7,4.8,1.9,8.7,30.5,2,33.6,66,27,0.003795223015873016,1
Pascal Siakam,PF,TOR,27,3.6,8.1,4.9,3.5,20.3,22.8,4.2,5.6,2.7,8.8,25.8,5,37.9,68,28,0.0022504761904761908,1
CJ McCollum,SG,NOP,30,2.1,3.6,2.6,1.9,18.3,22.1,1.9,2.7,3.2,8.6,27.5,9,34.6,62,29,0.0016082499999999999,1
Paul George,PF,LAC,31,1.6,1.3,-0.6,3.7,18.6,24.3,4.1,4.8,1.8,8.6,33.7,8,34.7,31,30,0.0014371964285714287,1
Isaiah Hartenstein,C,LAC,23,2.0,5.5,3.3,4.5,22.0,8.3,1.3,1.9,1.4,3.4,18.4,8,17.9,0,31,0.0012598190476190477,1
Tyler Herro,SG,MIA,22,1.5,3.8,1.3,0.7,16.2,20.7,2.9,3.3,1.6,7.6,28.8,1,32.6,10,32,0.0012062547619047619,1
Dillon Brooks,SF,MEM,26,0.0,1.6,0.7,-1.8,15.5,18.4,2.8,3.3,-1.0,7.1,28.8,2,27.7,31,33,0.000993184523809524,1
Klay Thompson,SG,GSW,31,0.7,1.8,0.6,1.1,16.7,20.4,1.4,1.6,2.6,7.7,29.6,3,29.4,32,34,0.0008973404761904761,1
Zach LaVine,SG,CHI,26,2.6,5.8,4.5,2.4,20.0,24.4,4.8,5.6,3.9,8.4,28.8,6,34.7,67,35,0.0007589559523809525,1
Jarrett Allen,C,CLE,23,2.7,8.5,5.4,3.9,23.0,16.1,2.9,4.2,2.7,6.6,18.1,7,32.3,56,36,0.00063295,1
Bradley Beal,SG,WAS,28,1.0,1.4,0.6,0.8,17.5,23.2,4.2,5.1,2.0,8.7,30.8,12,36.0,40,37,0.0006145214285714285,1
Fred VanVleet,PG,TOR,27,3.5,6.7,3.9,3.6,17.3,20.3,3.0,3.4,3.1,6.8,23.7,5,37.9,65,38,0.0005490666666666667,1
Khris Middleton,SF,MIL,30,1.9,5.3,3.2,1.6,18.1,20.1,3.9,4.4,1.9,6.8,26.7,2,32.4,66,39,0.0005288023809523811,1
Mikal Bridges,SF,PHO,25,2.6,8.9,5.2,1.6,14.4,14.2,1.6,1.9,0.5,5.6,15.0,1,34.8,82,40,0.000507836507936508,1
Shai Gilgeous-Alexander,PG,OKC,23,2.7,4.6,2.8,3.4,20.9,24.5,5.9,7.2,2.9,8.5,30.8,14,34.7,56,41,0.0004690011904761905,1
Montrezl Harrell,C,CHO,28,2.4,7.3,6.1,3.9,23.2,13.1,3.0,4.2,3.7,5.0,20.2,9,23.1,3,42,0.0003911833333333333,1
Clint Capela,C,ATL,27,2.1,8.3,5.6,2.0,21.4,11.1,1.1,2.3,2.1,5.0,15.5,9,27.6,73,43,0.0003622333333333334,1
Mike Muscala,C,OKC,30,1.1,2.1,1.4,5.0,19.7,8.0,1.1,1.3,3.8,2.6,20.9,14,13.8,0,44,0.00034118809523809527,1
Julius Randle,PF,NYK,27,1.6,3.1,-0.3,0.5,15.7,20.1,4.2,5.6,0.4,7.1,28.7,11,35.3,72,45,0.000328302380952381,1
Hassan Whiteside,C,UTA,32,1.2,5.8,3.4,2.1,22.9,8.2,1.6,2.6,0.6,3.3,17.1,5,17.9,8,46,0.0003261880952380953,1
Jaren Jackson Jr.,PF,MEM,22,1.0,5.4,1.7,-0.1,17.0,16.3,3.6,4.4,-0.9,5.5,25.4,2,27.3,78,47,0.00030476904761904763,1
Tyrese Maxey,PG,PHI,21,1.8,7.3,5.4,0.6,16.2,17.5,2.8,3.3,1.3,6.4,20.2,2,35.3,74,48,0.0002886,1
De'Aaron Fox,PG,SAC,24,0.7,2.5,1.5,-0.6,17.4,23.2,4.4,5.9,0.6,8.7,29.1,12,35.3,59,49,0.00027617738095238103,1
Tobias Harris,PF,PHI,29,1.3,5.6,3.0,0.0,15.9,17.2,2.3,2.8,0.6,6.8,21.7,2,34.8,73,50,0.00027035238095238104,1
Mitchell Robinson,C,NYK,23,2.0,8.5,5.3,2.2,20.7,8.5,1.2,2.5,1.0,3.6,11.4,11,25.7,62,51,0.00023645000000000003,1
Damian Lillard,PG,POR,31,0.9,1.7,1.7,1.3,18.5,24.0,5.5,6.2,4.0,7.7,29.3,13,36.4,29,52,0.0002151714285714286,1
Jrue Holiday,PG,MIL,31,2.9,6.9,4.5,3.2,19.8,18.3,2.0,2.7,2.9,7.1,23.5,2,32.9,64,53,0.00020613809523809527,1
LaMelo Ball,PG,CHO,20,3.3,5.8,3.4,3.4,19.7,20.1,2.8,3.2,3.3,7.2,28.2,9,32.3,75,54,0.00017764880952380956,1
Kristaps Porziņģis,PF,WAS,26,2.2,5.6,3.2,3.9,23.7,20.2,4.9,5.6,3.3,6.9,29.5,12,29.0,51,55,0.000164925,1
Jarred Vanderbilt,PF,MIN,22,1.1,6.0,3.1,0.2,15.3,6.9,1.2,1.8,-0.8,2.9,10.9,7,25.4,67,56,0.00014724999999999997,1
Lonzo Ball,PG,CHI,24,1.4,2.2,0.8,2.5,14.5,13.0,0.6,0.8,0.9,4.6,17.4,6,34.6,35,57,0.00012395,1
Domantas Sabonis,PF-C,SAC,25,3.2,7.1,5.3,4.1,21.9,18.9,4.0,5.4,3.2,7.1,22.3,12,34.5,61,58,0.0001190952380952381,1
Desmond Bane,SG,MEM,23,2.7,7.2,4.5,2.7,17.6,18.2,1.8,2.0,2.5,6.7,23.1,2,29.8,76,59,0.00011868333333333336,1
Kevin Love,C,CLE,33,2.7,5.7,3.2,4.5,19.6,13.6,2.2,2.7,4.4,4.4,25.1,7,22.5,4,60,0.000117,1
Brandon Ingram,SF,NOP,24,1.9,3.9,2.5,2.0,18.7,22.7,4.8,5.9,2.6,8.2,29.3,9,34.0,55,61,0.00010493333333333333,1
Al Horford,C,BOS,35,3.2,7.6,3.7,4.3,16.7,10.2,1.2,1.4,1.4,3.9,14.8,2,29.1,69,62,0.00010283333333333333,1
Darius Garland,PG,CLE,22,2.8,6.3,3.8,2.6,19.0,21.7,3.2,3.5,3.4,8.0,27.8,7,35.7,68,63,9.903333333333333e-05,1
Jonas Valančiūnas,C,NOP,29,2.2,7.3,4.6,1.9,21.2,17.8,3.2,3.9,2.0,6.9,23.8,9,30.3,74,64,8.966666666666666e-05,1
Gary Trent Jr.,SG,TOR,23,1.3,5.6,3.1,0.2,14.7,18.3,2.5,2.9,-0.1,6.4,21.8,5,35.0,69,65,7.720833333333334e-05,1
Jordan Poole,SG,GSW,22,1.7,6.0,3.1,1.0,16.1,18.5,3.2,3.5,1.3,6.2,26.0,3,30.0,51,66,7.666666666666667e-05,1
Obi Toppin,PF,NYK,23,1.2,3.9,2.5,2.0,18.3,9.0,1.3,1.7,1.7,3.5,20.8,11,17.1,10,67,7.100000000000002e-05,1
RJ Barrett,SF,NYK,21,0.2,2.3,0.1,-1.6,13.7,20.0,4.1,5.8,-0.3,7.0,27.6,11,34.5,70,68,6.826785714285714e-05,1
Malcolm Brogdon,PG,IND,29,1.3,2.7,2.2,2.3,18.0,19.1,4.0,4.6,2.8,6.8,24.6,13,33.5,36,69,6.281666666666666e-05,1
Andrew Wiggins,SF,GSW,26,1.4,5.1,1.8,0.4,15.0,17.2,2.0,3.2,0.3,6.5,23.1,3,31.9,73,70,6.1375e-05,1
Draymond Green,PF,GSW,31,1.8,3.6,0.8,3.2,14.3,7.5,1.3,2.0,-1.4,2.9,14.3,3,28.9,44,71,5.584761904761905e-05,1
Delon Wright,SG,ATL,29,1.6,3.6,2.2,2.2,13.8,4.4,0.7,0.8,-0.2,1.6,10.3,9,18.9,8,72,4.9149999999999995e-05,1
Russell Westbrook,PG,LAL,33,0.2,1.7,-0.6,-1.6,15.0,18.5,3.4,5.1,-0.7,7.0,27.3,11,34.3,78,73,4.6e-05,1
Daniel Gafford,C,WAS,23,1.3,6.0,4.4,1.6,21.8,9.4,1.5,2.1,1.1,4.0,16.7,12,20.1,53,74,4.581666666666667e-05,1
OG Anunoby,SF,TOR,24,1.1,3.7,1.8,0.5,14.8,17.1,1.9,2.5,0.4,6.4,20.5,5,36.0,48,75,4.4999999999999996e-05,1
Harrison Barnes,PF,SAC,29,1.4,6.0,5.0,0.2,15.7,16.4,4.4,5.4,1.5,5.1,18.8,12,33.6,77,76,4.47e-05,1
P.J. Tucker,PF,MIA,36,1.3,5.0,2.4,0.6,11.3,7.6,0.6,0.9,-0.8,2.9,11.7,1,27.9,70,77,4.401904761904762e-05,1
Tyrese Haliburton,SG-PG,IND,21,3.1,7.0,5.2,2.6,18.2,15.3,2.1,2.5,2.7,5.6,19.0,13,35.0,77,78,3.66e-05,1
Jalen Brunson,SG,DAL,25,1.9,7.5,4.9,0.9,17.1,16.3,2.3,2.7,0.9,6.4,21.9,4,31.9,61,79,3.5e-05,1
Miles Bridges,PF,CHO,23,2.5,7.2,5.0,1.5,17.9,20.2,3.3,4.2,1.8,7.5,22.6,9,35.5,80,80,3.438333333333333e-05,1
Terry Rozier,SG,CHO,27,2.3,5.9,4.3,1.7,17.6,19.3,2.1,2.4,2.4,7.1,23.2,9,33.7,73,81,2.9266666666666665e-05,1
Royce O'Neale,SF,UTA,28,1.7,5.5,2.7,0.8,10.3,7.4,0.6,0.7,-0.8,2.6,9.9,5,31.2,77,82,2.7583333333333327e-05,1
Jae Crowder,PF,PHO,31,1.5,4.3,0.9,1.1,11.3,9.4,1.1,1.3,-1.3,3.2,14.6,1,28.1,67,83,2.6600000000000003e-05,1
Anthony Edwards,SG,MIN,20,2.0,4.3,1.8,1.2,16.5,21.3,3.1,3.9,1.6,7.6,26.4,7,34.3,72,84,2.6e-05,1
Jerami Grant,PF,DET,27,1.2,2.3,1.2,1.2,16.1,19.2,4.6,5.5,1.4,6.3,25.7,14,31.9,47,85,2.378571428571429e-05,1
Dorian Finney-Smith,PF,DAL,28,1.9,6.6,3.4,0.8,12.5,11.0,0.7,1.0,0.1,4.1,13.8,4,33.1,80,86,2.14e-05,1
Kyle Lowry,PG,MIA,35,2.1,6.4,3.7,2.0,15.0,13.4,2.3,2.8,1.1,4.4,18.2,1,33.9,63,87,2.0671428571428575e-05,1
Damian Jones,C,SAC,26,0.6,3.3,2.4,0.3,18.3,8.1,1.7,2.3,-0.2,3.1,16.2,12,18.2,15,88,2e-05,1
Isaiah Roby,PF,OKC,23,0.6,2.9,1.8,0.6,18.3,10.1,1.7,2.6,0.4,3.7,19.0,14,21.1,28,89,2e-05,1
Derrick White,SG,BOS,27,1.6,5.1,2.8,0.9,14.8,13.2,2.7,3.1,0.4,4.5,19.9,2,29.3,52,90,1.8214285714285715e-05,1
Norman Powell,SF-SG,LAC,28,0.6,2.8,2.4,-0.3,16.3,19.0,4.2,5.2,1.2,6.2,23.1,8,32.4,41,91,1.686904761904762e-05,1
Reggie Jackson,SG,LAC,31,-0.6,0.4,-1.7,-3.0,12.1,16.8,1.8,2.2,-1.4,6.4,27.6,8,31.2,75,92,1.65e-05,1
Bobby Portis,C,MIL,26,1.1,5.5,2.9,0.2,17.7,14.6,1.2,1.6,1.2,5.8,21.3,2,28.2,59,93,1.438095238095238e-05,1
Christian Wood,C,HOU,26,1.9,4.9,2.9,1.6,19.1,17.9,3.0,4.9,2.1,6.5,23.3,15,30.8,67,94,1.3166666666666667e-05,1
DeMarcus Cousins,C,DEN,31,0.1,1.6,0.3,-1.6,18.2,9.0,2.0,2.6,-1.8,3.1,28.1,6,15.0,7,95,1.2583333333333332e-05,1
Marcus Smart,PG,BOS,27,1.5,5.6,1.9,0.5,13.6,12.1,2.0,2.5,-1.2,4.2,18.3,2,32.3,71,96,1.25e-05,1
Jakob Poeltl,C,SAS,26,1.7,6.9,4.4,1.6,20.8,13.5,1.4,2.8,0.9,6.0,18.3,10,29.0,67,97,1.1533333333333334e-05,1
Jordan Clarkson,SG,UTA,29,0.7,3.5,1.5,-0.6,14.9,16.0,1.8,2.2,0.5,5.9,26.8,5,27.1,1,98,1.1e-05,1
Nikola Vučević,C,CHI,31,1.8,4.5,1.4,0.9,18.2,17.6,1.3,1.7,0.8,7.5,24.5,6,33.1,73,99,1.0133333333333335e-05,1
Franz Wagner,SF,ORL,20,0.8,4.0,2.1,-0.7,14.7,15.2,2.4,2.8,-0.4,5.8,21.2,15,30.7,79,100,9.916666666666668e-06,1
Evan Mobley,PF,CLE,20,1.5,5.2,1.5,0.6,16.1,15.0,2.4,3.7,-0.9,6.1,20.4,7,33.8,69,101,9.51904761904762e-06,1
Monte Morris,PG,DEN,26,1.1,5.4,3.9,0.0,14.7,12.6,1.0,1.1,0.8,5.0,17.4,6,29.9,74,102,9.400000000000001e-06,1
Steven Adams,C,MEM,28,2.0,6.8,3.8,2.0,17.6,6.9,1.4,2.6,1.0,2.8,12.0,2,26.3,75,103,8.5e-06,1
Kevon Looney,C,GSW,25,1.3,6.8,3.5,0.9,15.7,6.0,0.9,1.5,-0.9,2.5,12.2,3,21.1,80,104,7.500000000000001e-06,1
Andre Drummond,C,BRK,28,1.2,5.1,2.0,1.3,21.0,7.9,1.2,2.2,-0.1,3.4,19.0,7,19.7,36,105,7.238095238095239e-06,1
Andre Iguodala,SF,GSW,38,0.7,1.6,0.5,2.7,12.3,4.0,0.5,0.6,-0.9,1.5,11.4,3,19.5,0,106,5.5e-06,1
Gary Payton II,SG,GSW,29,1.8,5.2,2.5,3.7,17.8,7.1,0.5,0.8,0.3,3.0,14.3,3,17.6,16,107,4.666666666666667e-06,1
Dwight Powell,C,DAL,30,1.3,8.2,6.0,0.9,18.1,8.7,2.0,2.6,0.4,3.3,14.0,4,21.9,71,108,4.583333333333333e-06,1
Bismack Biyombo,C,PHO,29,0.1,1.8,0.9,-1.3,17.3,5.8,1.1,2.0,-1.7,2.4,17.1,1,14.1,3,109,4.333333333333333e-06,1
Grant Williams,PF,BOS,23,0.8,5.1,2.4,-0.4,11.2,7.8,1.1,1.2,-1.4,2.7,12.6,2,24.4,21,110,4.000000000000001e-06,1
Patrick Beverley,PG,MIN,33,1.7,4.1,2.3,2.7,14.8,9.2,1.7,2.3,0.6,3.1,16.1,7,25.4,54,111,2.5e-06,1
Keldon Johnson,SF,SAS,22,0.9,4.9,2.9,-0.5,15.2,17.0,2.4,3.1,0.7,6.3,21.3,10,31.9,74,112,2.5e-06,1
Jusuf Nurkić,C,POR,27,0.9,3.6,2.0,0.3,20.0,15.0,3.3,4.8,0.1,5.7,23.6,13,28.2,56,113,2.3333333333333336e-06,1
Scottie Barnes,PF,TOR,20,1.9,6.6,3.7,0.9,16.3,15.3,2.1,2.9,0.5,6.2,19.0,5,35.4,74,114,2.3333333333333336e-06,1
Matisse Thybulle,SG,PHI,24,1.3,3.7,1.2,1.1,11.2,5.7,0.5,0.7,-2.2,2.3,9.5,2,25.5,50,115,2.0000000000000003e-06,1
Luguentz Dort,SG,OKC,22,-0.1,1.4,0.2,-2.3,12.3,17.2,3.2,3.7,-1.5,5.7,23.3,14,32.6,51,116,2.0000000000000003e-06,1
Lauri Markkanen,SF,CLE,24,1.1,5.0,2.7,0.4,14.7,14.8,2.3,2.6,0.4,5.1,19.5,7,30.8,61,117,2.0000000000000003e-06,1
Mo Bamba,C,ORL,23,1.2,4.5,1.8,0.7,16.5,10.6,0.8,1.0,-0.2,4.2,17.2,15,25.7,69,118,1.5000000000000002e-06,1
Wendell Carter Jr.,PF,ORL,22,1.7,5.0,2.6,1.6,18.4,15.0,2.3,3.3,1.0,5.8,20.9,15,29.9,61,119,1.5000000000000002e-06,1
D'Angelo Russell,PG,MIN,25,1.4,4.4,2.9,0.8,16.3,18.1,3.0,3.7,2.2,6.2,25.1,7,32.0,65,120,1.5000000000000002e-06,1
John Collins,PF,ATL,24,1.5,5.1,3.6,1.5,18.7,16.2,2.5,3.1,1.5,6.3,20.5,9,30.8,53,121,1.35e-06,1
John Konchar,SG,MEM,25,1.2,4.2,2.4,1.5,14.0,4.8,0.4,0.7,0.2,1.9,9.9,2,17.9,7,122,1.3333333333333334e-06,1
Willy Hernangómez,C,NOP,27,0.5,3.2,2.2,0.2,22.2,9.1,2.2,2.8,1.8,3.4,22.5,9,16.8,8,123,1.3333333333333334e-06,1
Mike Conley,PG,UTA,34,2.7,6.7,4.4,3.1,17.2,13.7,1.8,2.3,2.4,4.8,20.9,5,28.6,72,124,1.3333333333333334e-06,1
Kyle Kuzma,PF,WAS,26,1.0,2.0,0.0,-0.2,15.2,17.1,2.4,3.3,0.2,6.4,24.2,12,33.4,66,125,1.3333333333333334e-06,1
Nicolas Batum,PF,LAC,33,1.6,3.7,1.6,2.3,13.5,8.3,0.4,0.6,0.5,3.0,13.3,8,24.8,54,126,1.1666666666666666e-06,1
Cade Cunningham,SG,DET,20,0.2,-0.5,-2.4,-1.6,13.1,17.4,2.2,2.6,-1.1,6.7,27.5,14,32.6,64,127,1.1e-06,1
Ivica Zubac,C,LAC,24,1.3,7.2,4.3,0.7,19.2,10.3,2.2,3.0,-0.1,4.1,16.8,8,24.4,76,128,1.0833333333333333e-06,1
Cameron Payne,PG,PHO,27,0.7,1.9,0.2,0.0,13.8,10.8,1.3,1.5,-0.4,4.1,24.6,1,22.0,12,129,8.333333333333333e-07,1
Bojan Bogdanović,PF,UTA,32,1.1,5.2,3.6,0.0,15.7,18.1,3.2,3.8,1.6,6.1,23.7,5,30.9,69,130,8e-07,1
Otto Porter Jr.,PF,GSW,28,1.8,4.9,2.2,3.1,15.9,8.2,0.8,1.0,1.0,3.1,15.0,3,22.2,15,131,5.000000000000001e-07,1
Aaron Gordon,PF,DEN,26,0.9,5.2,3.2,-0.6,15.3,15.0,2.3,3.1,0.5,5.8,19.7,6,31.7,75,132,5.000000000000001e-07,1
Tyus Jones,PG,MEM,25,1.4,5.1,3.4,1.7,16.5,8.7,0.7,0.9,1.2,3.4,16.6,2,21.2,23,133,5.000000000000001e-07,1
Alec Burks,SG,NYK,30,1.7,6.1,3.2,0.8,13.7,11.7,2.7,3.3,-0.4,3.5,17.7,11,28.6,44,134,5.000000000000001e-07,1
Cameron Johnson,PF,PHO,25,2.1,5.6,3.2,2.7,15.2,12.5,1.5,1.7,2.0,4.2,17.5,1,26.2,16,135,2.5000000000000004e-07,1
Marquese Chriss,PF,DAL,24,-0.2,0.8,0.2,-3.8,14.8,4.5,0.6,1.0,-3.8,1.8,21.5,4,10.2,0,136,0.0,1
Cedi Osman,SF,CLE,26,0.8,2.9,1.3,0.2,13.3,10.7,1.3,2.0,-0.3,3.7,21.1,7,22.2,3,137,0.0,1
Jock Landale,C,SAS,26,0.2,1.5,1.0,-0.4,16.0,4.9,0.6,0.8,0.7,1.9,18.1,10,10.9,1,138,0.0,1
Josh Richardson,SG,SAS,28,0.9,3.5,1.6,0.1,12.8,10.2,1.5,1.7,-0.6,3.6,17.6,10,24.6,7,139,0.0,1
Joshua Primo,SF,SAS,19,-0.7,0.0,-0.6,-5.0,7.1,5.8,0.9,1.2,-3.8,2.0,15.4,10,19.3,16,140,0.0,1
Keita Bates-Diop,SF,SAS,26,-0.1,1.6,0.6,-2.6,12.4,5.7,0.8,1.0,-2.1,2.3,14.8,10,16.2,14,141,0.0,1
Isaac Okoro,SF,CLE,21,0.1,4.2,2.4,-1.7,10.4,8.8,1.8,2.3,-2.4,3.1,12.4,7,29.6,61,142,0.0,1
Dean Wade,PF,CLE,25,0.4,2.3,1.1,-0.6,10.1,5.3,0.4,0.6,-1.9,1.9,11.1,7,19.2,28,143,0.0,1
Lonnie Walker IV,SG,SAS,23,-0.2,1.2,0.1,-2.5,12.3,12.1,1.7,2.1,-1.2,4.4,23.6,10,23.0,6,144,0.0,1
Romeo Langford,SG,SAS,22,0.1,1.3,0.3,-1.4,9.2,4.5,0.5,0.9,-2.3,1.7,12.9,10,16.1,5,145,0.0,1
Caris LeVert,SG,CLE,27,0.4,2.2,1.2,-1.2,15.1,17.0,2.5,3.3,0.0,6.5,25.4,7,30.7,49,146,0.0,1
Lamar Stevens,PF,CLE,24,-0.2,1.6,0.4,-2.9,11.3,6.1,0.8,1.2,-3.2,2.5,17.1,7,16.1,13,147,0.0,1
Tre Jones,PG,SAS,22,0.4,2.9,1.9,-0.5,15.0,6.0,1.0,1.3,-0.9,2.4,15.6,10,16.6,11,148,0.0,1
Zach Collins,C,SAS,24,0.2,1.2,0.6,-0.2,16.4,7.8,1.9,2.3,-1.2,2.7,19.2,10,17.9,4,149,0.0,1
Brandon Goodwin,PG,CLE,26,0.1,0.7,0.1,-1.6,11.8,4.8,0.7,1.1,-2.6,1.8,18.2,7,13.9,5,150,0.0,1
Ziaire Williams,SF,MEM,20,-0.3,2.2,1.1,-3.0,9.7,8.1,0.7,0.9,-2.4,3.1,14.9,2,21.7,31,151,0.0,1
Armoni Brooks,SG-PG,TOR,23,-0.4,0.2,-0.1,-3.9,8.4,5.3,0.3,0.4,-2.6,1.8,16.4,5,15.6,11,152,0.0,1
Xavier Tillman Sr.,PF,MEM,23,0.5,1.8,0.6,0.7,15.1,4.8,0.9,1.3,-1.1,1.8,16.4,2,13.2,2,153,0.0,1
Chris Boucher,PF,TOR,29,0.9,6.0,3.5,0.0,17.9,9.4,1.9,2.4,0.5,3.4,17.8,5,21.1,9,154,0.0,1
Santi Aldama,PF,MEM,21,-0.3,0.3,-0.1,-5.7,10.2,4.1,0.6,1.0,-4.2,1.7,18.4,2,11.3,0,155,0.0,1
Dalano Banton,PG,TOR,22,-0.2,0.4,-0.4,-3.1,10.0,3.2,0.4,0.7,-3.5,1.3,16.9,5,10.9,1,156,0.0,1
Kyle Anderson,PF,MEM,28,1.2,3.5,1.0,1.2,14.4,7.6,1.0,1.5,-0.9,3.0,16.2,2,21.5,11,157,0.0,1
Doug McDermott,PF,SAS,30,-0.1,1.6,1.1,-2.5,11.4,11.3,0.8,1.0,-0.4,4.2,18.3,10,24.0,51,158,0.0,1
Devin Vassell,SF,SAS,21,0.7,3.3,1.3,-0.5,13.3,12.3,1.2,1.4,-0.5,4.6,18.9,10,27.3,32,159,0.0,1
De'Anthony Melton,SG,MEM,23,1.6,3.7,0.9,1.9,15.2,10.8,1.2,1.6,0.3,3.8,21.3,2,22.7,15,160,0.0,1
Rajon Rondo,PG,CLE,35,0.1,0.7,-0.1,-1.7,10.9,4.8,0.5,0.7,-2.4,1.7,16.0,7,17.9,1,161,0.0,1
Naz Reid,C,MIN,22,0.6,3.2,1.5,0.0,17.2,8.3,1.5,1.9,-0.5,3.0,21.4,7,15.8,6,162,0.0,1
Saben Lee,PG,DET,22,0.2,0.9,0.3,-0.4,13.8,5.6,1.5,1.9,-1.9,1.9,17.3,14,16.3,0,163,0.0,1
Rodney McGruder,SG,DET,30,0.1,1.2,0.7,-1.4,11.6,5.4,0.4,0.5,-0.7,1.9,14.8,14,14.8,2,164,0.0,1
Taurean Prince,PF,MIN,27,0.3,2.2,1.0,-0.9,12.4,7.3,0.9,1.2,-1.0,2.6,17.0,7,17.1,8,165,0.0,1
Marvin Bagley III,PF,DET,22,-0.1,2.0,1.2,-2.3,15.7,11.3,1.4,2.1,-0.5,4.7,19.8,14,23.9,25,166,0.0,1
Luka Garza,C,DET,23,-0.1,0.8,0.5,-2.5,15.6,5.8,1.2,1.9,-0.5,2.1,21.1,14,12.2,5,167,0.0,1
Anthony Gill,PF,WAS,29,0.0,1.4,1.1,-1.9,14.7,4.1,1.0,1.2,-0.6,1.4,14.4,12,10.5,0,168,0.0,1
Killian Hayes,PG,DET,20,-0.6,0.5,-1.0,-3.5,9.3,6.9,0.9,1.1,-4.3,2.7,15.7,14,25.0,40,169,0.0,1
Corey Kispert,SF,WAS,22,-0.1,2.3,1.6,-2.3,10.9,8.2,0.7,0.8,-0.8,3.0,14.6,12,23.4,36,170,0.0,1
Kelly Olynyk,C,DET,30,0.7,1.6,0.8,1.6,16.7,9.1,1.7,2.2,0.5,3.2,21.5,14,19.1,1,171,0.0,1
Isaiah Stewart,C,DET,20,-0.6,3.4,1.6,-3.3,14.0,8.3,1.0,1.5,-2.5,3.5,14.6,14,25.6,71,172,0.0,1
Hamidou Diallo,SG,DET,23,0.5,2.1,0.6,-0.5,15.7,11.0,1.6,2.4,-1.2,4.5,21.8,14,21.9,29,173,0.0,1
Deni Avdija,SF,WAS,21,0.1,2.4,0.6,-1.7,11.6,8.4,1.3,1.7,-2.1,3.0,16.3,12,24.2,8,174,0.0,1
Ish Smith,PG,WAS,33,-0.2,0.5,-0.3,-2.9,12.5,6.3,0.2,0.4,-2.2,2.8,20.1,12,17.3,1,175,0.0,1
Kentavious Caldwell-Pope,SG,WAS,28,0.3,2.8,1.4,-1.5,12.6,13.2,1.8,2.0,-0.9,4.7,19.0,12,30.2,77,176,0.0,1
Frank Jackson,PG,DET,23,-0.4,0.7,0.3,-3.5,10.6,10.6,1.6,2.0,-1.8,3.7,20.9,14,22.0,7,177,0.0,1
Cory Joseph,PG,DET,30,0.0,2.5,1.7,-2.1,11.4,8.0,1.5,1.7,-2.0,2.7,14.3,14,24.6,39,178,0.0,1
Raul Neto,PG,WAS,29,-0.4,1.5,0.7,-2.9,12.4,7.5,1.2,1.5,-2.5,2.9,18.4,12,19.6,19,179,0.0,1
Ricky Rubio,PG,CLE,31,0.5,1.3,-0.1,0.2,14.0,13.1,2.6,3.0,-1.0,4.4,24.9,7,28.5,8,180,0.0,1
Rui Hachimura,PF,WAS,23,0.1,1.4,0.9,-1.4,14.9,11.3,1.1,1.6,0.2,4.5,20.9,12,22.5,13,181,0.0,1
Tomáš Satoranský,SG-PG-SF,WAS,30,-0.4,1.0,0.5,-3.7,10.2,3.6,0.8,1.0,-3.3,1.3,12.6,12,16.5,13,182,0.0,1
Killian Tillie,C,MEM,23,-0.1,0.6,-0.1,-2.7,7.6,3.3,0.1,0.2,-3.8,1.2,12.8,2,12.8,3,183,0.0,1
Trent Forrest,PG,UTA,23,0.2,1.3,0.5,-1.0,10.9,3.3,0.6,0.8,-2.3,1.3,12.8,5,12.8,6,184,0.0,1
Maxi Kleber,PF,DAL,30,0.6,3.0,0.7,-0.4,11.0,7.0,0.8,1.1,-1.6,2.4,13.3,4,24.6,21,185,0.0,1
Wesley Matthews,SG,MIL,35,-0.3,1.2,0.6,-3.3,6.9,5.1,0.4,0.6,-3.0,1.8,10.7,2,20.4,14,186,0.0,1
P.J. Washington,C,CHO,23,0.9,3.4,1.8,-0.1,13.6,10.3,0.9,1.2,-0.2,3.8,15.6,9,27.2,28,187,0.0,1
Pat Connaughton,SF,MIL,29,1.4,4.4,2.8,1.2,13.4,9.9,0.7,0.8,0.8,3.5,14.0,2,26.0,19,188,0.0,1
Caleb Martin,SF,MIA,26,1.1,4.0,1.9,1.1,14.8,9.2,1.2,1.6,0.1,3.5,16.3,1,22.9,12,189,0.0,1
Dewayne Dedmon,C,MIA,32,0.3,3.5,1.5,-1.0,15.9,6.3,1.1,1.5,-2.2,2.4,16.9,1,15.9,15,190,0.0,1
Duncan Robinson,SG,MIA,27,0.7,3.9,1.9,-0.6,10.6,10.9,0.6,0.8,-0.3,3.7,17.7,1,25.9,68,191,0.0,1
Gabe Vincent,PG,MIA,25,0.2,2.5,0.7,-1.4,10.6,8.7,0.6,0.8,-1.9,3.1,17.8,1,23.4,27,192,0.0,1
Jordan Nwora,SF,MIL,23,-0.6,0.6,-0.4,-4.1,9.9,7.9,0.6,0.7,-2.7,3.0,19.4,2,19.1,13,193,0.0,1
Jevon Carter,PG,MIL,26,-0.1,1.2,0.5,-2.2,9.6,4.2,0.2,0.3,-1.8,1.5,14.0,2,13.7,3,194,0.0,1
Max Strus,SF,MIA,25,1.2,3.6,2.0,0.9,12.7,10.6,0.6,0.8,1.4,3.7,18.1,1,23.3,16,195,0.0,1
Grayson Allen,SG,MIL,26,1.1,4.2,2.8,0.4,12.7,11.1,1.0,1.1,0.6,3.9,15.2,2,27.3,61,196,0.0,1
Omer Yurtseven,C,MIA,23,0.2,2.1,0.8,-1.0,17.4,5.3,0.7,1.1,-1.4,2.3,19.9,1,12.6,12,197,0.0,1
George Hill,PG,MIL,35,0.1,2.3,1.3,-1.6,10.2,6.2,1.1,1.1,-2.2,2.2,11.7,2,23.2,17,198,0.0,1
DeAndre' Bembry,SF,MIL,27,0.3,2.2,1.1,-0.7,11.9,5.1,0.4,0.6,-2.2,2.2,11.2,2,18.3,20,199,0.0,1
Trey Burke,PG,DAL,29,-0.3,0.0,-0.4,-5.0,10.0,5.1,0.5,0.5,-3.6,2.0,25.6,4,10.5,0,200,0.0,1
Tim Hardaway Jr.,SG,DAL,29,0.6,2.0,0.5,-0.2,12.7,14.2,1.9,2.5,-0.4,5.0,22.0,4,29.6,20,201,0.0,1
Sterling Brown,SG,DAL,26,-0.1,0.8,-0.1,-2.9,8.4,3.3,0.3,0.3,-3.4,1.2,13.2,4,12.8,3,202,0.0,1
Dāvis Bertāns,PF,DAL,29,-0.1,0.9,0.2,-2.6,9.4,5.6,0.6,0.7,-1.7,1.8,17.3,4,14.4,0,203,0.0,1
Spencer Dinwiddie,PG-SG,DAL,28,1.2,4.1,2.7,0.3,15.1,13.7,2.9,3.8,0.8,4.6,21.4,4,29.6,51,204,0.0,1
Frank Ntilikina,SG,DAL,23,0.0,0.9,0.1,-1.9,10.4,4.1,0.4,0.4,-2.8,1.5,17.4,4,11.8,5,205,0.0,1
Reggie Bullock,SF,DAL,30,0.3,3.2,1.2,-1.4,9.2,8.6,0.6,0.7,-1.5,3.0,13.3,4,28.0,37,206,0.0,1
Josh Green,SG,DAL,21,0.3,2.4,1.0,-1.0,11.9,4.8,0.5,0.7,-2.4,1.9,13.9,4,15.5,3,207,0.0,1
Serge Ibaka,C,MIL,32,0.1,2.0,0.8,-1.5,14.4,6.8,0.6,0.8,-1.3,2.7,17.8,2,16.2,12,208,0.0,1
Bogdan Bogdanović,SG,ATL,29,1.5,3.7,2.5,1.3,15.4,15.1,1.5,1.8,1.5,5.4,21.6,9,29.3,27,209,0.0,1
Khem Birch,C,TOR,29,0.2,2.6,1.5,-1.3,13.2,4.5,1.0,1.3,-1.7,1.8,11.2,5,18.0,28,210,0.0,1
Danilo Gallinari,PF,ATL,33,0.8,3.6,2.8,-0.2,14.3,11.7,2.1,2.4,1.0,3.9,18.4,9,25.3,18,211,0.0,1
Malachi Flynn,PG,TOR,23,0.1,1.0,0.5,-1.5,11.7,4.3,0.3,0.5,-1.8,1.6,16.5,5,12.2,5,212,0.0,1
Rudy Gay,PF,UTA,35,0.3,2.1,0.8,-1.0,13.0,8.1,1.1,1.4,-0.7,2.9,19.3,5,18.9,1,213,0.0,1
Nickeil Alexander-Walker,SG,UTA,23,-0.3,0.1,-1.1,-2.9,10.5,10.6,1.2,1.7,-1.8,3.9,24.1,5,22.6,21,214,0.0,1
Juancho Hernangómez,PF,UTA,26,0.2,0.9,0.3,-0.6,11.5,3.3,0.5,0.9,-0.7,1.1,13.4,5,11.1,9,215,0.0,1
Joe Ingles,SF,UTA,34,0.5,2.2,1.3,-0.3,10.0,7.2,0.4,0.5,-0.7,2.6,13.2,5,24.9,15,216,0.0,1
Precious Achiuwa,C,TOR,22,-0.2,2.5,0.4,-2.6,12.7,9.1,1.1,1.8,-2.0,3.6,18.5,5,23.6,28,217,0.0,1
Eric Paschall,PF,UTA,25,0.3,2.0,1.4,-0.5,13.9,5.8,1.1,1.5,0.5,2.0,17.7,5,12.7,3,218,0.0,1
Svi Mykhailiuk,SF,TOR,24,-0.2,0.8,0.1,-2.9,9.6,4.6,0.6,0.7,-2.7,1.6,16.9,5,12.8,5,219,0.0,1
Thaddeus Young,PF,TOR,33,0.9,2.2,0.9,2.2,17.0,6.2,0.4,0.9,0.1,2.7,17.4,5,16.3,1,220,0.0,1
Yuta Watanabe,SF,TOR,27,0.0,0.7,0.1,-2.0,11.5,4.3,0.6,1.1,-1.9,1.5,16.8,5,11.7,4,221,0.0,1
Danuel House Jr.,SF,UTA,28,0.2,1.0,0.4,-1.1,10.6,5.9,1.0,1.4,-1.3,1.9,15.2,5,17.3,7,222,0.0,1
Cody Martin,SF,CHO,26,0.7,3.9,2.4,-0.5,12.7,7.7,1.1,1.5,-1.2,2.9,12.1,9,26.3,11,223,0.0,1
Gordon Hayward,SF,CHO,31,0.5,2.8,1.9,-0.7,15.1,15.9,2.6,3.0,0.1,5.8,20.7,9,31.9,48,224,0.0,1
Jalen McDaniels,SF,CHO,24,-0.1,1.7,1.0,-2.3,12.7,6.2,1.0,1.3,-1.9,2.2,15.3,9,16.3,2,225,0.0,1
Kelly Oubre Jr.,SF,CHO,26,0.3,3.3,1.8,-1.4,14.9,15.0,1.7,2.5,0.2,5.4,23.0,9,26.3,13,226,0.0,1
Timothé Luwawu-Cabarrot,SF,ATL,26,-0.2,0.9,0.6,-3.3,9.3,4.4,0.7,0.8,-2.3,1.4,14.3,9,13.2,18,227,0.0,1
Onyeka Okongwu,C,ATL,21,0.7,4.2,3.1,0.8,19.8,8.2,1.7,2.3,0.0,3.3,14.0,9,20.7,6,228,0.0,1
Lou Williams,PG,ATL,35,-0.3,0.6,0.2,-3.4,12.1,6.3,1.2,1.4,-2.0,2.2,21.7,9,14.3,0,229,0.0,1
Kevin Huerter,SF,ATL,23,0.4,2.8,1.8,-1.2,11.9,12.1,0.6,0.7,-0.5,4.7,17.5,9,29.6,60,230,0.0,1
De'Andre Hunter,SF,ATL,24,-0.8,1.1,0.4,-3.9,10.6,13.4,2.4,3.1,-2.4,4.8,19.9,9,29.8,52,231,0.0,1
Mason Plumlee,C,CHO,31,0.9,4.7,2.7,0.0,14.7,6.5,0.9,2.3,-1.5,2.8,11.7,9,24.6,73,232,0.0,1
Malik Beasley,SG,MIN,25,0.7,2.9,1.7,-0.7,11.9,12.1,0.6,0.8,0.7,4.2,19.4,7,25.0,18,233,0.0,1
Moses Moody,SG,GSW,19,-0.1,1.3,0.6,-2.5,10.5,4.4,0.5,0.7,-1.4,1.5,15.2,3,11.7,11,234,0.0,1
Josh Okogie,SG,MIN,23,-0.1,0.7,0.1,-2.7,9.0,2.7,0.7,1.0,-3.7,0.9,12.1,7,10.5,6,235,0.0,1
Chuma Okeke,PF,ORL,23,0.8,2.2,-0.3,-0.1,12.0,8.6,0.8,0.9,-1.6,3.1,16.4,15,25.0,20,236,0.0,1
Robin Lopez,C,ORL,33,-0.3,0.8,0.5,-3.8,13.7,7.1,0.9,1.5,-2.4,3.1,18.9,15,17.0,9,237,0.0,1
R.J. Hampton,SG,ORL,20,-0.7,-0.2,-1.3,-4.1,8.5,7.6,1.2,1.8,-4.0,2.7,18.4,15,21.9,14,238,0.0,1
Moritz Wagner,C,ORL,24,0.9,2.8,1.8,1.6,18.1,9.0,1.7,2.0,1.5,3.1,22.9,15,15.2,3,239,0.0,1
Jalen Suggs,PG,ORL,20,-1.2,-1.6,-3.0,-5.6,8.6,11.8,2.6,3.4,-5.3,4.1,25.3,15,27.2,45,240,0.0,1
Ignas Brazdeikis,SF,ORL,23,-0.3,0.5,0.2,-4.3,10.2,5.0,0.5,0.8,-2.7,1.9,17.7,15,12.8,1,241,0.0,1
Gary Harris,SG,ORL,27,-0.2,2.2,1.1,-2.4,10.9,11.1,1.4,1.6,-2.0,3.9,16.4,15,28.4,30,242,0.0,1
Cole Anthony,PG,ORL,21,0.4,1.6,-0.1,-1.2,13.5,16.3,3.3,3.9,-0.6,5.5,25.1,15,31.7,65,243,0.0,1
Admiral Schofield,SF,ORL,24,-0.4,0.3,-0.1,-5.4,7.5,3.8,0.3,0.4,-4.2,1.4,14.5,15,12.3,1,244,0.0,1
Davion Mitchell,PG,SAC,23,-0.9,0.1,-0.5,-3.8,10.8,11.5,0.7,1.1,-2.1,4.7,20.6,12,27.7,19,245,0.0,1
Trey Lyles,PF,SAC,26,0.7,3.5,2.4,-0.3,16.4,10.5,2.6,3.2,0.5,3.5,20.7,12,20.5,23,246,0.0,1
Terence Davis,SG,SAC,24,0.2,0.5,0.0,-0.9,14.6,10.4,1.2,1.5,-0.6,3.8,25.6,12,17.9,11,247,0.0,1
Richaun Holmes,C,SAC,28,0.4,3.2,2.4,-0.5,17.8,10.4,1.6,2.0,-0.4,4.4,15.8,12,23.9,37,248,0.0,1
Maurice Harkless,SF,SAC,28,-0.3,0.5,-0.1,-3.3,7.7,4.6,0.4,0.6,-3.7,1.8,11.2,12,18.4,24,249,0.0,1
Justin Holiday,SF-SG,SAC,32,-0.1,1.4,0.8,-2.2,9.5,10.1,0.7,0.8,-1.4,3.5,15.8,12,27.8,65,250,0.0,1
Josh Jackson,SF,SAC,24,-0.5,0.0,-0.7,-4.5,9.5,6.4,1.1,1.5,-4.1,2.4,19.7,12,16.3,3,251,0.0,1
Jeremy Lamb,SF-SG,SAC,29,0.3,1.2,0.6,-0.8,13.3,7.3,1.6,1.9,-0.4,2.4,19.7,12,16.7,0,252,0.0,1
Terrence Ross,SG,ORL,30,-0.6,0.3,-0.5,-3.7,10.0,10.0,1.8,2.1,-2.5,3.5,20.5,15,23.0,0,253,0.0,1
Buddy Hield,SG,IND,29,0.5,1.9,0.8,-1.2,12.9,15.6,1.4,1.6,0.5,5.5,22.4,13,30.9,32,254,0.0,1
Chris Duarte,SG,IND,24,-0.1,0.9,0.2,-2.3,12.3,13.1,1.6,2.0,-1.2,4.9,21.1,13,28.0,39,255,0.0,1
Duane Washington Jr.,PG,IND,21,-0.7,0.0,-0.2,-4.8,10.2,9.9,1.0,1.3,-1.9,3.6,22.6,13,20.2,7,256,0.0,1
Taj Gibson,C,NYK,36,0.0,2.7,1.4,-2.0,12.0,4.4,0.8,1.0,-3.0,1.7,10.0,11,18.2,4,257,0.0,1
Quentin Grimes,SG,NYK,21,0.3,1.4,0.6,-0.3,10.7,6.0,0.3,0.4,-1.2,2.1,15.1,11,17.1,6,258,0.0,1
Kemba Walker,PG,NYK,31,0.6,1.8,1.0,0.4,13.9,11.6,1.6,1.9,0.7,4.0,20.8,11,25.6,37,259,0.0,1
Jericho Sims,PF,NYK,23,0.0,1.5,0.7,-1.7,11.6,2.2,0.3,0.7,-2.8,1.0,6.9,11,13.5,5,260,0.0,1
Immanuel Quickley,PG,NYK,22,1.0,4.2,2.5,0.2,14.6,11.3,2.3,2.6,0.2,3.6,22.2,11,23.1,3,261,0.0,1
Evan Fournier,SG,NYK,29,0.7,3.7,1.5,-0.7,12.3,14.1,1.0,1.4,-0.4,5.0,20.8,11,29.5,80,262,0.0,1
Cam Reddish,SF,NYK,22,0.2,1.0,0.2,-1.3,12.8,10.1,2.1,2.3,-1.0,3.4,22.2,11,20.7,7,263,0.0,1
Terry Taylor,SG,IND,22,0.3,2.4,2.2,-0.6,19.0,9.6,1.1,1.5,2.2,4.1,15.9,13,21.6,7,264,0.0,1
Oshae Brissett,SF,IND,23,-0.1,2.2,1.4,-2.2,12.9,9.1,1.7,2.4,-0.5,3.1,17.3,13,23.3,25,265,0.0,1
Myles Turner,C,IND,25,1.1,3.1,1.7,1.4,17.4,12.9,1.9,2.5,0.1,4.8,17.1,13,29.4,42,266,0.0,1
Lance Stephenson,PG-SG,IND,31,-0.2,0.8,0.4,-3.2,13.6,8.3,1.4,1.7,-1.6,3.2,22.6,13,17.7,1,267,0.0,1
Keifer Sykes,PG,IND,28,-0.7,-0.5,-0.5,-6.9,5.9,5.6,0.5,0.5,-4.4,2.2,17.4,13,17.7,11,268,0.0,1
Jalen Smith,PF,IND,21,0.3,2.8,1.7,-0.5,18.4,9.2,1.5,2.0,0.9,3.5,20.3,13,18.1,8,269,0.0,1
Isaiah Jackson,PF,IND,20,0.1,1.4,0.7,-1.5,20.5,8.3,1.7,2.4,-1.6,3.2,22.5,13,15.0,15,270,0.0,1
Goga Bitadze,C,IND,22,0.2,1.9,1.3,-0.8,18.0,7.0,1.3,1.9,-0.2,2.6,19.9,13,14.6,16,271,0.0,1
Donte DiVincenzo,SG,SAC,25,-0.1,0.7,-0.1,-2.3,11.3,9.0,1.7,2.0,-1.8,2.8,18.9,12,24.0,1,272,0.0,1
Chimezie Metu,C,SAC,24,0.2,1.5,0.1,-1.5,13.4,8.9,1.2,1.5,-1.6,3.4,18.5,12,21.3,20,273,0.0,1
Ayo Dosunmu,SG,CHI,22,0.0,3.0,1.7,-2.0,11.2,8.8,0.7,1.0,-1.9,3.6,14.1,6,27.4,40,274,0.0,1
Danny Green,SF,PHI,34,0.5,1.9,0.3,-0.5,9.5,5.9,0.2,0.2,-1.4,2.0,12.3,2,21.8,28,275,0.0,1
Aaron Holiday,PG,PHO,25,0.1,1.5,0.5,-1.7,12.6,6.3,0.9,1.1,-1.9,2.4,18.7,1,16.2,15,276,0.0,1
Shake Milton,SG,PHI,25,-0.1,1.7,0.7,-2.2,11.9,8.2,1.1,1.3,-1.6,3.1,18.3,2,21.4,6,277,0.0,1
Paul Millsap,C,PHI,36,-0.1,0.5,0.0,-3.5,10.8,3.5,0.5,0.7,-3.7,1.4,16.7,2,11.4,1,278,0.0,1
Isaiah Joe,SG,PHI,22,-0.4,0.4,0.0,-4.6,7.7,3.6,0.5,0.6,-3.1,1.1,15.5,2,11.1,1,279,0.0,1
Georges Niang,PF,PHI,28,0.0,2.8,1.5,-1.9,10.7,9.2,0.7,0.8,-0.8,3.2,16.8,2,22.8,7,280,0.0,1
Furkan Korkmaz,SG,PHI,24,-0.4,1.2,0.1,-3.1,10.2,7.6,1.0,1.3,-2.0,2.7,17.6,2,21.1,19,281,0.0,1
DeAndre Jordan,C,PHI,33,0.1,1.9,0.9,-1.4,17.2,4.3,0.5,0.8,-1.5,1.9,13.9,2,13.0,20,282,0.0,1
Zeke Nnaji,PF,DEN,21,0.0,1.8,1.2,-2.2,13.5,6.6,1.0,1.6,-0.7,2.3,14.9,6,17.0,1,283,0.0,1
Alex Len,C,SAC,28,-0.1,0.9,0.4,-2.9,13.1,6.0,1.1,1.6,-3.2,2.4,17.1,12,15.9,10,284,0.0,1
Will Barton,SG,DEN,31,0.9,3.2,1.2,-0.5,13.4,14.7,1.4,1.8,0.4,5.5,20.8,6,32.1,71,285,0.0,1
Jeff Green,PF,DEN,35,-0.2,3.9,2.7,-2.5,12.5,10.3,2.2,2.6,-1.2,3.7,16.3,6,24.7,63,286,0.0,1
JaMychal Green,PF,DEN,31,0.0,2.7,1.2,-1.8,14.1,6.4,1.2,1.4,-2.0,2.4,17.2,6,16.2,8,287,0.0,1
Facundo Campazzo,PG,DEN,30,0.4,2.0,0.6,-0.8,11.1,5.1,0.9,1.2,-2.1,1.6,14.7,6,18.2,4,288,0.0,1
Davon Reed,SG,DEN,26,0.3,1.6,0.9,-0.3,12.2,4.4,0.2,0.3,-0.6,1.7,12.1,6,13.9,5,289,0.0,1
Bryn Forbes,SG,DEN,28,-0.3,1.4,0.8,-2.9,11.5,8.8,1.1,1.2,-0.7,3.1,21.2,6,17.1,2,290,0.0,1
Bones Hyland,SG,DEN,21,0.5,2.4,1.1,-0.4,14.4,10.1,1.6,1.8,0.3,3.3,23.8,6,19.0,4,291,0.0,1
Elfrid Payton,PG,PHO,27,-0.2,-0.2,-1.0,-3.5,7.9,3.0,0.2,0.6,-4.6,1.3,18.5,1,11.0,1,292,0.0,1
Landry Shamet,SG,PHO,24,0.3,2.6,1.1,-1.2,10.2,8.3,1.0,1.2,-0.9,2.8,16.8,1,20.8,14,293,0.0,1
Torrey Craig,SF,PHO,31,0.1,2.3,0.9,-1.8,11.0,6.6,0.5,0.7,-1.7,2.6,14.3,1,20.5,16,294,0.0,1
Aaron Nesmith,SF,BOS,22,-0.3,0.4,-0.4,-4.3,7.3,3.8,0.4,0.5,-4.9,1.4,17.2,2,11.0,3,295,0.0,1
Vit Krejci,SG,OKC,21,-0.6,0.6,0.1,-5.3,8.5,6.2,0.6,0.7,-4.3,2.3,12.9,14,23.0,8,296,0.0,1
Ty Jerome,SG,OKC,24,-0.1,0.5,0.0,-2.3,11.3,7.1,0.8,1.0,-2.2,2.6,20.8,14,16.7,4,297,0.0,1
Tre Mann,PG,OKC,20,-0.8,0.1,-1.0,-4.4,10.2,10.4,1.1,1.4,-3.3,3.9,22.0,14,22.8,26,298,0.0,1
Théo Maledon,PG,OKC,20,-0.6,0.3,-0.5,-4.4,10.6,7.1,1.5,2.0,-3.7,2.3,20.3,14,17.8,7,299,0.0,1
Kenrich Williams,SF,OKC,27,0.5,1.8,0.8,-0.3,13.3,7.4,0.6,1.1,-1.3,3.0,15.6,14,21.9,0,300,0.0,1
Josh Giddey,SF,OKC,19,0.5,0.4,-1.3,-0.9,13.3,12.5,1.0,1.5,-1.2,5.2,22.2,14,31.5,54,301,0.0,1
Jeremiah Robinson-Earl,C,OKC,21,-0.1,1.5,0.4,-2.2,11.7,7.5,0.8,1.1,-1.9,2.7,15.4,14,22.2,36,302,0.0,1
Derrick Favors,C,OKC,30,0.0,1.4,0.8,-2.1,13.6,5.3,0.4,0.6,-2.3,2.4,13.4,14,16.7,18,303,0.0,1
Darius Bazley,PF,OKC,21,0.1,1.8,-0.5,-1.8,12.6,10.8,1.7,2.5,-2.1,4.0,18.3,14,27.9,53,304,0.0,1
Aleksej Pokusevski,PF,OKC,20,-0.2,0.4,-1.1,-2.6,12.0,7.6,0.6,0.8,-2.7,3.0,20.0,14,20.2,12,305,0.0,1
Aaron Wiggins,SG,OKC,23,-0.7,1.2,0.5,-4.3,10.3,8.3,1.2,1.7,-3.4,3.1,15.3,14,24.2,35,306,0.0,1
Payton Pritchard,PG,BOS,24,1.0,3.1,1.8,1.8,15.0,6.2,0.3,0.3,1.7,2.3,18.6,2,14.1,2,307,0.0,1
Kelan Martin,SF,BOS,26,-0.2,0.0,-0.1,-3.6,9.4,5.7,0.3,0.4,-2.6,2.3,18.1,2,15.0,1,308,0.0,1
Enes Freedom,C,BOS,29,0.1,1.4,0.6,-1.4,15.0,3.7,0.7,0.8,-1.2,1.5,13.9,2,11.7,1,309,0.0,1
Daniel Theis,C,BOS,29,0.0,1.9,0.9,-2.1,13.2,8.2,1.0,1.5,-1.9,3.2,16.2,2,20.8,27,310,0.0,1
Alex Caruso,SG,CHI,27,0.6,2.0,0.7,0.2,11.7,7.4,1.4,1.8,-2.2,2.5,13.3,6,28.0,18,311,0.0,1
Coby White,PG,CHI,21,0.0,2.4,1.6,-2.1,12.6,12.7,1.3,1.5,-0.4,4.6,19.8,6,27.5,17,312,0.0,1
Jordan McLaughlin,PG,MIN,25,0.6,2.3,1.3,0.4,13.4,3.8,0.5,0.6,-1.2,1.4,11.8,7,14.5,3,313,0.0,1
Austin Rivers,SG,DEN,29,-0.7,1.2,0.1,-3.8,7.2,6.0,0.5,0.7,-3.5,2.2,12.6,6,22.1,18,314,0.0,1
Elijah Hughes,SG-SF,POR,23,-0.5,-0.4,-0.6,-6.9,5.4,3.5,0.2,0.3,-5.2,1.3,16.5,13,12.1,4,315,0.0,1
Drew Eubanks,C,POR,24,0.2,3.4,2.2,-1.4,18.0,7.7,1.4,1.8,-0.5,3.1,17.5,13,17.5,31,316,0.0,1
Dennis Smith Jr.,PG,POR,24,0.1,0.4,-0.1,-1.7,13.2,5.6,1.1,1.7,-2.8,2.1,18.2,13,17.2,4,317,0.0,1
CJ Elleby,SF,POR,21,-1.0,0.4,-0.1,-5.3,9.2,5.8,1.0,1.4,-3.8,2.1,14.8,13,20.2,28,318,0.0,1
Ben McLemore,SG,POR,28,-0.4,0.8,0.7,-3.2,11.7,10.2,1.1,1.4,-0.7,3.4,21.3,13,20.1,6,319,0.0,1
Anfernee Simons,SG,POR,22,0.5,1.9,2.0,-0.7,15.3,17.3,1.8,2.0,1.9,6.2,24.8,13,29.5,30,320,0.0,1
Nemanja Bjelica,C,GSW,33,1.0,3.0,1.0,1.4,14.2,6.1,0.8,1.1,-0.9,2.3,17.8,3,16.1,0,321,0.0,1
Juan Toscano-Anderson,SF,GSW,28,0.3,2.0,0.3,-0.8,11.0,4.1,0.5,1.0,-3.3,1.6,14.7,3,13.6,6,322,0.0,1
James Johnson,PF,BRK,34,-0.1,1.7,0.6,-2.2,10.3,5.5,0.5,0.9,-2.7,2.3,13.7,7,19.2,10,323,0.0,1
Jonathan Kuminga,SF,GSW,19,0.1,3.0,1.3,-1.5,15.2,9.3,1.9,2.7,-1.3,3.4,22.7,3,16.9,12,324,0.0,1
Damion Lee,SG,GSW,29,0.0,2.7,0.9,-2.0,10.9,7.4,1.0,1.2,-2.4,2.7,15.8,3,19.9,5,325,0.0,1
Chris Chiozza,PG,GSW,26,-0.4,0.0,-0.5,-6.0,4.4,2.0,0.1,0.1,-5.7,0.7,13.4,3,10.9,1,326,0.0,1
Seth Curry,SG,BRK,31,0.8,4.2,2.7,-0.6,13.7,15.0,1.3,1.5,0.3,5.6,18.5,7,33.4,64,327,0.0,1
Patty Mills,SG,BRK,33,0.2,2.8,1.9,-1.7,10.4,11.4,0.6,0.7,-0.3,4.0,16.4,7,29.0,48,328,0.0,1
Nic Claxton,C,BRK,22,0.6,3.5,2.3,0.5,18.6,8.7,1.1,2.0,0.3,3.8,15.1,7,20.7,19,329,0.0,1
LaMarcus Aldridge,C,BRK,36,0.7,3.1,2.1,0.7,19.6,12.9,1.9,2.2,1.3,5.4,22.4,7,22.3,12,330,0.0,1
Greg Brown III,SF,POR,20,-0.4,0.4,-0.1,-4.7,11.0,4.7,0.9,1.4,-4.0,1.7,17.2,13,13.3,6,331,0.0,1
Josh Hart,SG,POR,26,1.3,4.4,2.8,0.9,16.1,14.9,3.0,3.9,0.5,5.3,18.6,13,33.2,53,332,0.0,1
Justise Winslow,PF,POR,25,0.1,0.8,-0.3,-1.7,13.1,5.7,0.8,1.4,-2.7,2.3,18.9,13,16.1,11,333,0.0,1
Keljin Blevins,SF,POR,26,-0.6,-0.5,-0.6,-8.5,4.8,3.1,0.2,0.4,-5.6,1.1,16.5,13,11.3,1,334,0.0,1
Jaylen Nowell,SG,MIN,22,0.7,2.8,2.1,0.8,16.8,8.5,1.2,1.5,1.5,3.2,21.0,7,15.7,1,335,0.0,1
Jaden McDaniels,PF,MIN,21,-0.4,2.4,0.7,-2.9,10.3,9.2,0.8,1.0,-2.9,3.6,15.3,7,25.8,31,336,0.0,1
Wayne Ellington,SG,LAL,34,0.1,1.0,0.6,-1.4,9.9,6.7,0.2,0.3,-0.7,2.3,13.8,11,18.8,9,337,0.0,1
Talen Horton-Tucker,SG,LAL,21,-0.5,1.1,-0.2,-3.3,11.0,10.0,1.7,2.1,-3.2,3.7,19.2,11,25.2,19,338,0.0,1
Stanley Johnson,PF,LAL,25,-0.2,1.8,0.9,-2.7,10.5,6.7,1.1,1.5,-2.8,2.4,12.5,11,22.8,27,339,0.0,1
Malik Monk,SG,LAL,23,0.8,3.6,2.3,-0.5,14.4,13.8,1.2,1.5,0.5,5.1,20.1,11,28.1,37,340,0.0,1
Kent Bazemore,SF,LAL,32,-0.3,0.1,-0.4,-4.3,6.0,3.4,0.3,0.4,-5.1,1.2,13.2,11,14.0,14,341,0.0,1
Dwight Howard,C,LAL,36,0.4,3.5,2.2,-0.2,18.2,6.2,1.6,2.4,-0.2,2.2,14.6,11,16.2,27,342,0.0,1
D.J. Augustin,PG,LAL,34,-0.4,0.8,0.7,-3.6,9.7,5.3,0.7,0.8,-1.2,1.7,14.3,11,16.1,2,343,0.0,1
Carmelo Anthony,PF,LAL,37,0.7,3.6,2.2,-0.5,14.8,13.3,1.9,2.3,0.4,4.6,20.4,11,26.0,3,344,0.0,1
Avery Bradley,SG,LAL,31,-0.6,1.2,0.3,-3.6,7.8,6.4,0.3,0.3,-3.5,2.4,12.1,11,22.7,45,345,0.0,1
Austin Reaves,SG,LAL,23,0.0,2.9,2.1,-1.9,11.5,7.3,1.6,1.9,-1.3,2.4,12.4,11,23.2,19,346,0.0,1
Trendon Watford,SF,POR,21,0.1,1.9,1.4,-1.7,15.8,7.6,1.5,2.0,-1.4,3.0,17.6,13,18.1,10,347,0.0,1
Nassir Little,SF,POR,21,0.2,1.7,1.2,-1.4,13.5,9.8,1.6,2.2,-0.9,3.5,15.8,13,25.9,23,348,0.0,1
Keon Johnson,SG,POR,19,-0.7,-0.5,-0.8,-5.9,8.7,7.2,1.1,1.4,-4.0,2.6,21.2,13,18.8,12,349,0.0,1
Kessler Edwards,SF,BRK,21,-0.5,0.6,-0.2,-3.8,8.3,5.9,0.3,0.4,-3.1,2.3,13.8,7,20.6,23,350,0.0,1
Day'Ron Sharpe,PF,BRK,20,-0.1,1.2,0.8,-2.8,20.7,6.2,0.8,1.3,-0.3,2.7,21.7,7,12.2,8,351,0.0,1
Derrick Jones Jr.,PF,CHI,24,0.2,2.2,1.4,-0.9,13.0,5.6,1.1,1.4,-1.5,2.1,12.5,6,17.6,8,352,0.0,1
Jaxson Hayes,C,NOP,21,0.8,5.1,3.7,0.2,18.5,9.3,2.1,2.7,0.6,3.5,16.4,9,20.0,28,353,0.0,1
David Nwaba,SF,HOU,29,0.2,1.3,0.8,-0.6,15.3,5.1,1.0,1.5,-0.6,1.8,15.8,15,13.2,4,354,0.0,1
Alperen Şengün,C,HOU,19,0.4,2.1,0.8,-1.0,16.0,9.6,2.3,3.2,-1.6,3.5,22.0,15,20.7,13,355,0.0,1
Trey Murphy III,SF,NOP,21,0.2,1.9,1.3,-1.2,12.5,5.4,0.7,0.8,0.2,1.8,15.7,9,13.9,1,356,0.0,1
Tony Snell,SG,NOP,30,-0.5,0.4,0.2,-4.2,6.3,3.5,0.1,0.1,-3.4,1.3,10.1,9,15.5,12,357,0.0,1
Naji Marshall,SF,NOP,24,-0.2,0.8,0.0,-3.2,12.3,5.7,1.3,1.7,-2.7,2.0,20.8,9,13.4,4,358,0.0,1
Larry Nance Jr.,C-PF,NOP,29,0.5,2.3,1.5,-0.1,14.4,7.0,0.9,1.2,-0.4,2.8,12.8,9,22.6,11,359,0.0,1
Jose Alvarado,PG,NOP,23,0.8,2.1,1.0,1.9,16.4,6.1,0.7,1.0,-0.5,2.4,18.4,9,15.4,1,360,0.0,1
Herbert Jones,PF,NOP,23,0.9,4.6,2.1,-0.5,12.3,9.5,1.8,2.1,-2.0,3.5,13.7,9,29.9,69,361,0.0,1
Cam Thomas,SG,BRK,20,-0.4,0.8,0.0,-3.4,11.7,8.5,1.3,1.6,-2.0,3.3,22.1,7,17.6,2,362,0.0,1
Garrett Temple,SG,NOP,35,-0.1,0.8,-0.1,-2.5,8.6,5.2,0.5,0.7,-2.8,1.9,13.9,9,18.6,16,363,0.0,1
Devonte' Graham,PG,NOP,26,0.5,2.8,1.6,-1.0,12.1,11.9,1.6,1.8,0.2,3.9,19.5,9,28.4,63,364,0.0,1
Troy Brown Jr.,SF,CHI,22,0.1,1.4,0.5,-1.8,10.1,4.3,0.3,0.4,-1.7,1.6,12.3,6,16.0,7,365,0.0,1
Tristan Thompson,PF,CHI,30,-0.3,1.6,0.9,-3.1,14.9,6.0,1.1,2.0,-1.6,2.5,17.5,6,15.7,6,366,0.0,1
Tony Bradley,C,CHI,24,0.0,1.3,0.6,-1.8,14.9,3.0,0.3,0.5,-2.0,1.3,13.6,6,10.0,7,367,0.0,1
Matt Thomas,SG,CHI,27,-0.1,0.6,0.3,-2.6,9.9,4.0,0.4,0.5,-1.2,1.4,14.5,6,11.5,0,368,0.0,1
Javonte Green,SF,CHI,28,0.8,4.4,2.9,0.1,14.0,7.2,1.2,1.5,-0.6,2.7,11.5,6,23.4,45,369,0.0,1
Dennis Schröder,SG-PG,HOU,28,0.0,2.9,1.0,-1.9,13.0,13.5,2.5,2.9,-1.5,4.9,22.6,15,28.7,29,370,0.0,1
Eric Gordon,SG,HOU,33,-0.1,1.4,1.5,-2.3,12.1,13.4,1.8,2.4,-0.1,4.7,18.6,15,29.3,46,371,0.0,1
Garrison Mathews,SG,HOU,25,-0.1,2.8,2.2,-2.3,11.0,10.0,2.2,2.8,-1.3,2.8,14.4,15,26.3,33,372,0.0,1
Jae'Sean Tate,PF,HOU,26,0.1,3.0,1.9,-1.8,14.3,11.8,1.7,2.4,-1.3,4.7,19.6,15,26.4,77,373,0.0,1
Bruce Brown,SF,BRK,25,1.2,4.8,2.8,0.7,15.0,9.0,1.3,1.8,-0.4,3.6,15.0,7,24.6,45,374,0.0,1
Blake Griffin,C,BRK,32,0.3,2.1,1.2,-0.5,13.7,6.4,1.0,1.4,-0.6,2.4,16.9,7,17.1,24,375,0.0,1
Terance Mann,SF,LAC,25,0.8,5.5,3.1,-0.6,13.4,10.8,1.6,2.0,-0.8,4.1,16.0,8,28.6,33,376,0.0,1
Semi Ojeleye,PF,LAC,27,-0.4,0.2,-0.1,-5.7,6.7,3.3,0.8,1.0,-4.1,1.0,12.8,8,13.5,0,377,0.0,1
Rodney Hood,PF-SF,LAC,29,-0.2,0.7,0.2,-3.3,7.2,3.1,0.3,0.4,-3.0,1.1,10.7,8,13.6,0,378,0.0,1
Robert Covington,PF,LAC,31,1.1,3.2,0.8,0.2,12.4,8.5,0.8,1.0,-1.6,2.9,13.5,8,27.3,42,379,0.0,1
Marcus Morris,PF,LAC,32,0.3,2.4,0.9,-1.4,13.7,15.4,2.4,2.7,-0.3,5.6,23.2,8,29.0,54,380,0.0,1
Luke Kennard,SG,LAC,25,1.2,4.5,2.8,0.5,13.3,11.9,1.0,1.1,0.8,4.1,16.8,8,27.4,13,381,0.0,1
Eric Bledsoe,PG,LAC,32,0.4,1.3,-0.5,-0.8,12.5,9.9,1.6,2.2,-2.1,3.6,20.5,8,25.2,29,382,0.0,1
Brandon Boston Jr.,SG,LAC,20,-0.3,0.4,-0.5,-3.3,11.2,6.7,1.2,1.4,-3.0,2.5,22.4,8,14.9,0,383,0.0,1
Amir Coffey,SG,LAC,24,0.7,3.8,2.3,-0.3,13.0,9.0,1.5,1.7,-0.3,3.1,15.8,8,22.7,30,384,0.0,1
Kevin Porter Jr.,PG,HOU,21,0.2,0.8,0.0,-1.6,13.5,15.6,2.0,3.2,-0.1,5.5,24.1,15,31.3,61,385,0.0,1
Kenyon Martin Jr.,SF,HOU,21,0.4,2.9,2.3,-1.2,14.3,8.8,1.0,1.6,0.0,3.5,16.3,15,21.0,2,386,0.0,1
Josh Christopher,SG,HOU,20,-0.5,0.3,-0.4,-3.5,12.2,7.9,1.1,1.5,-2.2,3.0,21.1,15,18.0,2,387,0.0,1
Jalen Green,SG,HOU,19,-0.5,0.7,0.5,-2.9,12.5,17.3,2.8,3.5,-0.5,6.1,23.7,15,31.9,67,388,0.0,1
Saddiq Bey,SF,DET,22,1.2,4.0,2.4,-0.3,14.0,16.1,2.6,3.1,0.9,5.5,21.3,14,33.0,82,389,0.0,1
